{"cameraMode":{"drawMode":0,"name":"Shaded","section":"Shading Mode"},"sceneLighting":true,"audioPlay":false,"sceneViewState":{"m_AlwaysRefresh":false,"showFog":true,"showSkybox":true,"showFlares":true,"showImageEffects":true,"showParticleSystems":true,"showVisualEffectGraphs":true,"m_FxEnabled":true},"in2DMode":false,"pivot":{"x":2.510939836502075,"y":-1.5138508081436158,"z":-2.057039737701416},"rotation":{"x":-0.07180116325616837,"y":-0.1116953194141388,"z":0.008033105172216893,"w":-0.9911428093910217},"size":3.8681094646453859,"orthographic":false}